{
  "algorithms": [
    "bmr",
    "bwr",
    "genetic"
  ],
  "best_fitness": {
    "bmr": 1.0494625043423287,
    "bwr": 1.0499787802868707,
    "genetic": 0.8776497241655273
  },
  "runtime": {
    "bmr": 0.09302949905395508,
    "bwr": 0.10622239112854004,
    "genetic": 0.14043545722961426
  },
  "convergence": {
    "bmr": {
      "generations": [
        0,
        1,
        2,
        3,
        4,
        5,
        6,
        7,
        8,
        9,
        10,
        11,
        12,
        13,
        14,
        15,
        16,
        17,
        18,
        19,
        20,
        21,
        22,
        23,
        24,
        25,
        26,
        27,
        28,
        29
      ],
      "best_fitness": [
        0.7550211935241843,
        0.9981979652762927,
        1.002595646845936,
        1.0491683657170638,
        1.0491683657170638,
        1.0491964847986823,
        1.0491964847986823,
        1.0491964847986823,
        1.0491964847986823,
        1.0491964847986823,
        1.0491964847986823,
        1.0492794241162522,
        1.049456698256023,
        1.049456698256023,
        1.049456698256023,
        1.049456698256023,
        1.049456698256023,
        1.0494625043423287,
        1.0494625043423287,
        1.0494625043423287,
        1.0494625043423287,
        1.0494625043423287,
        1.0494625043423287,
        1.0494625043423287,
        1.0494625043423287,
        1.0494625043423287,
        1.0494625043423287,
        1.0494625043423287,
        1.0494625043423287,
        1.0494625043423287
      ],
      "population_mean": [
        0.619458315839647,
        0.7657215370682895,
        0.8254727476671121,
        0.7947413533789535,
        0.6871756298810409,
        0.8058412711714265,
        0.8011766654205126,
        0.7654057195186168,
        0.7517587003075423,
        0.7261350435388862,
        0.7817818667528023,
        0.7795163009411501,
        0.7217070436166775,
        0.7763864214393869,
        0.6927100363476691,
        0.8227311943098421,
        0.7921643094624985,
        0.7479317696140078,
        0.7692974475450886,
        0.7735446133936791,
        0.7631600669598465,
        0.735197997095385,
        0.765742134519569,
        0.7164086949292325,
        0.6865651214744399,
        0.7704725880743443,
        0.8430327358220076,
        0.7544040505659322,
        0.7645712336495258,
        0.7793944266021554
      ],
      "diversity": [
        0.2411586780316914,
        0.2843586398218775,
        0.2752228918614345,
        0.2987464362224966,
        0.33688957928575974,
        0.31501554966146383,
        0.326312551476466,
        0.3102651373255107,
        0.2737376829658674,
        0.32397572316267703,
        0.30175478359266045,
        0.3118093419386751,
        0.32480137996173936,
        0.31164985471362694,
        0.34721564571710906,
        0.26621178407435236,
        0.29873405874368536,
        0.33090964990692523,
        0.34062622486469984,
        0.3160459162121272,
        0.3183170106563202,
        0.3158199924976281,
        0.30566551838382505,
        0.33889225996669003,
        0.34867997773218623,
        0.31572849487896254,
        0.27636720567881984,
        0.3302612733079592,
        0.3006093120985015,
        0.3117338430818966
      ]
    },
    "bwr": {
      "generations": [
        0,
        1,
        2,
        3,
        4,
        5,
        6,
        7,
        8,
        9,
        10,
        11,
        12,
        13,
        14,
        15,
        16,
        17,
        18,
        19,
        20,
        21,
        22,
        23,
        24,
        25,
        26,
        27,
        28,
        29
      ],
      "best_fitness": [
        0.7676877027521126,
        0.9587847418019178,
        1.047519864773548,
        1.047519864773548,
        1.047519864773548,
        1.047519864773548,
        1.047519864773548,
        1.0493149397020372,
        1.0493149397020372,
        1.0495065588770858,
        1.0497871428986698,
        1.0497871428986698,
        1.0497871428986698,
        1.0497871428986698,
        1.0497871428986698,
        1.0497871428986698,
        1.0497871428986698,
        1.0497871428986698,
        1.0497871428986698,
        1.0497871428986698,
        1.0497871428986698,
        1.0497871428986698,
        1.0497871428986698,
        1.0499787802868707,
        1.0499787802868707,
        1.0499787802868707,
        1.0499787802868707,
        1.0499787802868707,
        1.0499787802868707,
        1.0499787802868707
      ],
      "population_mean": [
        0.6469709678848595,
        0.7345784890730283,
        0.7600064886257754,
        0.6934523507856956,
        0.7501218478031605,
        0.6878504670292183,
        0.7861184711876452,
        0.8093212587496751,
        0.8252727356967332,
        0.8031102488274342,
        0.7296540840308697,
        0.7978006476633529,
        0.7106691752557304,
        0.7433667531723374,
        0.8127299848631508,
        0.8502053871546235,
        0.743827730263492,
        0.7906765554564343,
        0.7950515325465479,
        0.7997278430704349,
        0.8084924658356887,
        0.8548337845440741,
        0.7721277891238009,
        0.7559121824539792,
        0.8420553246988831,
        0.788256267135808,
        0.7611854642585856,
        0.8484354772947598,
        0.8213812047956471,
        0.8077905848494072
      ],
      "diversity": [
        0.20215149657447035,
        0.3040340178108904,
        0.3230301390393859,
        0.3463578043225323,
        0.31362980924724704,
        0.3580712768864123,
        0.31943575019305614,
        0.27619775842125405,
        0.27597076530923753,
        0.3325882614115499,
        0.31966093877158475,
        0.3173195316864307,
        0.3531864185048643,
        0.34160172499653063,
        0.2891064943613377,
        0.3067320504274755,
        0.33988310273409145,
        0.3401786294520586,
        0.33923294487831707,
        0.2974819429077723,
        0.2849838966937677,
        0.26012699716015275,
        0.32354390240502995,
        0.33879091324786315,
        0.2666268813757398,
        0.3117282441733867,
        0.29039706106931523,
        0.25804274637936603,
        0.2788709443202699,
        0.31667768905260923
      ]
    },
    "genetic": {
      "generations": [
        0,
        1,
        2,
        3,
        4,
        5,
        6,
        7,
        8,
        9,
        10,
        11,
        12,
        13,
        14,
        15,
        16,
        17,
        18,
        19,
        20,
        21,
        22,
        23,
        24,
        25,
        26,
        27,
        28,
        29
      ],
      "best_fitness": [
        0.7488956132087726,
        0.7561873691696601,
        0.7700311573954266,
        0.771782941063516,
        0.7909137993714113,
        0.7909137993714113,
        0.8034062977175334,
        0.8034062977175334,
        0.8034062977175334,
        0.807238528894661,
        0.8075262225491942,
        0.8171507265837836,
        0.8228843349849171,
        0.8280172467831797,
        0.8280172467831797,
        0.8342356508275018,
        0.8460259594705261,
        0.8499920174319628,
        0.8499920174319628,
        0.8532828674496036,
        0.8610739835656741,
        0.8610739835656741,
        0.8610739835656741,
        0.8610739835656741,
        0.8638046670069791,
        0.8638046670069791,
        0.8660294641268728,
        0.8685129120034677,
        0.8717939232339795,
        0.8776497241655273
      ],